Code,Name,Purchase Price,Tax,Retail Price,Category Code
PRO1,ADAPTOR ACER NOTEBOOK 19 V = 1.58 A MINI,0,0,0,ADAPTOR
PRO2,ADAPTOR ACER NOTEBOOK 19 V = 4.74 A,0,0,0,ADAPTOR
PRO3,ADAPTOR ACER NOTEBOOK 19V 2.15 A,0,0,0,ADAPTOR
PRO4,ADAPTOR ACER NOTEBOOK 19V=3.42A (LIGHT),0,0,0,ADAPTOR
PRO5,ADAPTOR APPLE USB iPAD 12W,0,0,0,ADAPTOR
PRO6,ADAPTOR APPLE USB iPHN 5W,0,0,0,ADAPTOR
PRO7,ADAPTOR ASUS NOTEBOOK 19 V = 2.1 A MINI,0,0,0,ADAPTOR
PRO8,ADAPTOR ASUS NOTEBOOK 19V 1.75A,0,0,0,ADAPTOR
PRO9,ADAPTOR ASUS NOTEBOOK 19V= 3.42 A ORIGINAL,0,0,0,ADAPTOR
PRO10,ADAPTOR ASUS NOTEBOOK 19V=3.42A (LIGHT),0,0,0,ADAPTOR
PRO11,ADAPTOR ASUS NOTEBOOK UX 303L 3.42A,0,0,0,ADAPTOR
PRO12,ADAPTOR CC CAMERA NORMAL 17V2A,0,0,0,ADAPTOR
PRO13,ADAPTOR DELL NOTEBOOK 19  V = 1.58 A,0,0,0,ADAPTOR
PRO14,ADAPTOR DELL NOTEBOOK 19.5 V = 4.62 A SLIM,0,0,0,ADAPTOR
PRO15,ADAPTOR DELL NOTEBOOK 19.5 V = 6.7 A,0,0,0,ADAPTOR
PRO16,ADAPTOR DELL NOTEBOOK 19.5V- 3.34A STARPORT,0,0,0,ADAPTOR
PRO17,ADAPTOR DELL NOTEBOOK 19.5V=3.34A (LIGHT),0,0,0,ADAPTOR
PRO18,ADAPTOR DELL NOTEBOOK 19.5V=4.62A (LIGHT),0,0,0,ADAPTOR
PRO19,ADAPTOR DVR USB 12V 1.0A,0,0,0,ADAPTOR
PRO20,ADAPTOR DVR USB 12V-2 AMP,0,0,0,ADAPTOR
PRO21,ADAPTOR DVR USB 12V-3 AMP,0,0,0,ADAPTOR
PRO22,ADAPTOR FUJITSU NOTEBOOK 16 V = 3.75 A,0,0,0,ADAPTOR
PRO23,ADAPTOR FUJITSU NOTEBOOK 19 V = 3.16 A,0,0,0,ADAPTOR
PRO24,ADAPTOR FUJITSU NOTEBOOK 19 V = 4.22 A,0,0,0,ADAPTOR
PRO25,ADAPTOR FUJITSU NOTEBOOK 20V - 3.25 A,0,0,0,ADAPTOR
PRO26,ADAPTOR HP NOTEBOOK 18.5V=3.5A (LIGHT),0,0,0,ADAPTOR
PRO27,ADAPTOR HP NOTEBOOK 19.5V = 3.33 A,0,0,0,ADAPTOR
PRO28,ADAPTOR HP NOTEBOOK 19.5V=2.31A,0,0,0,ADAPTOR
PRO29,ADAPTOR HP NOTEBOOK 19.5V=6.5A,0,0,0,ADAPTOR
PRO30,ADAPTOR HP NOTEBOOK 19.5V1.58A,0,0,0,ADAPTOR
PRO31,ADAPTOR HP NOTEBOOK 19.5v-3.33A WITH PIN,0,0,0,ADAPTOR
PRO32,ADAPTOR HP NOTEBOOK 19V = 4.74 A,0,0,0,ADAPTOR
PRO33,ADAPTOR LENOVO NOTEBOOK 16V = 4.5A,0,0,0,ADAPTOR
PRO34,ADAPTOR LENOVO NOTEBOOK 19 V = 4.74 A,0,0,0,ADAPTOR
PRO35,ADAPTOR LENOVO NOTEBOOK 20 V = 3.25 A,0,0,0,ADAPTOR
PRO36,ADAPTOR LENOVO NOTEBOOK 20 V = 3.25 A USB ORIGINAL,0,0,0,ADAPTOR
PRO37,ADAPTOR LENOVO NOTEBOOK 20 V = 4.5 A,0,0,0,ADAPTOR
PRO38,ADAPTOR LENOVO NOTEBOOK 20 V = 4.5 A USB,0,0,0,ADAPTOR
PRO39,ADAPTOR LENOVO NOTEBOOK 20V - 2 A,0,0,0,ADAPTOR
PRO40,ADAPTOR LENOVO NOTEBOOK 20V-3.25A USB,0,0,0,ADAPTOR
PRO41,ADAPTOR MAC BOOK  45w L SAFE,0,0,0,ADAPTOR
PRO42,ADAPTOR MAC BOOK  60w L SAFE,0,0,0,ADAPTOR
PRO43,ADAPTOR MAC BOOK  60w MAGE  SAFE,0,0,0,ADAPTOR
PRO44,ADAPTOR MAC BOOK  85w L SAFE,0,0,0,ADAPTOR
PRO45,ADAPTOR MAC BOOK  ROUND PIN 65W,0,0,0,ADAPTOR
PRO46,ADAPTOR MAC BOOK PRO  45w MAG SAFE 2 (N),0,0,0,ADAPTOR
PRO47,ADAPTOR MAC BOOK PRO 60w L SAFE (N),0,0,0,ADAPTOR
PRO48,ADAPTOR MAC BOOK PRO 60w MAGE  SAFE 2 (N),0,0,0,ADAPTOR
PRO49,ADAPTOR MAC BOOK PRO 85w L SAFE (N),0,0,0,ADAPTOR
PRO50,ADAPTOR MAC BOOK PRO 85w MAGE  SAFE 2 (N),0,0,0,ADAPTOR
PRO51,ADAPTOR MONITOR USB 12V - 3 A,0,0,0,ADAPTOR
PRO52,ADAPTOR MONITOR USB 14V = 3A,0,0,0,ADAPTOR
PRO53,ADAPTOR SAMSUNG NOTEBOOK 12V= 3.33A,0,0,0,ADAPTOR
PRO54,ADAPTOR SAMSUNG NOTEBOOK 19V = 2.1 A,0,0,0,ADAPTOR
PRO55,ADAPTOR SAMSUNG NOTEBOOK 19V = 3.16 A,0,0,0,ADAPTOR
PRO56,ADAPTOR SAMSUNG NOTEBOOK 19V=2.1A ULTRA BOOK,0,0,0,ADAPTOR
PRO57,ADAPTOR SONY NOTEBOOK 16 V = 4 A,0,0,0,ADAPTOR
PRO58,ADAPTOR SONY NOTEBOOK 19.5 V = 3.9 A,0,0,0,ADAPTOR
PRO59,ADAPTOR SONY TV 19.5 V 4.35 A,0,0,0,ADAPTOR
PRO60,ADAPTOR SONY NOTEBOOK 19.5 V = 4.7 A,0,0,0,ADAPTOR
PRO61,ADAPTOR TOSHIBA NOTEBOOK 15V-5A,0,0,0,ADAPTOR
PRO62,ADAPTOR TOSHIBA NOTEBOOK 19V = 1.58 A,0,0,0,ADAPTOR
PRO63,ADAPTOR TOSHIBA NOTEBOOK 19V = 3.42 A,0,0,0,ADAPTOR
PRO64,ADAPTOR TOSHIBA NOTEBOOK 19V=3.42A (LIGHT),0,0,0,ADAPTOR
PRO65,AIR CONDITION CHIGO 1 TON 12000 BTU,0,0,0,AIRCONDITION
PRO66,AIR CONDITION CHIGO 1.5 TON 12000 BTU,0,0,0,AIRCONDITION
PRO67,AIR CONDITION CHIGO 2 TON 24 BTU,0,0,0,AIRCONDITION
PRO68,AIR CONDITION GENAREL 1 TON A12,0,0,0,AIRCONDITION
PRO69,AIR CONDITION GENAREL 1.5 TON FMTA,0,0,0,AIRCONDITION
PRO70,AIR CONDITION GENAREL 1.5 TON G,0,0,0,AIRCONDITION
PRO71,AIR CONDITION GENAREL 2 TON,0,0,0,AIRCONDITION
PRO72,AIR CONDITION GREE 1.5 TON gs-18 ct,0,0,0,AIRCONDITION
PRO73,AIR CONDITION GREE 1.5 TON gs-18 ug,0,0,0,AIRCONDITION
PRO74,AIR CONDITION HICO 1 TON,0,0,0,AIRCONDITION
PRO75,AIR CONDITION HICO 2 TON HS-24 FWM,0,0,0,AIRCONDITION
PRO76,AIR CONDITION MIDEA 1 TON MEF 12 CMP,0,0,0,AIRCONDITION
PRO77,AIR CONDITION MIDEA 1.5 TON MS11D-18CR,0,0,0,AIRCONDITION
PRO78,ANTIVIRUS KASPERSKY NORMAL 1 USER,0,0,0,ANTIVIRUS
PRO79,ANTIVIRUS PANDA INTERNET 1 UJAR,0,0,0,ANTIVIRUS
PRO80,ANTIVIRUS QUICK HEAL INTERNET security 1 year,0,0,0,ANTIVIRUS
PRO81,BAG DELL NOTEBOOK 14.0 inch,0,0,0,ANTIVIRUS
PRO82,BAG MAC  15 INCH,0,0,0,BAG
PRO83,BAG MAC 11 INCH,0,0,0,BAG
PRO84,BAG MAC 13 INCH,0,0,0,BAG
PRO85,BATTERY ACER NOTEBOOK 4745,0,0,0,BATTERY
PRO86,BATTERY ACER NOTEBOOK A-4710,0,0,0,BATTERY
PRO87,BATTERY ACER NOTEBOOK A-4738,0,0,0,BATTERY
PRO88,BATTERY ACER NOTEBOOK D-260,0,0,0,BATTERY
PRO89,BATTERY ACER NOTEBOOK NB F-200,0,0,0,BATTERY
PRO90,BATTERY ACER NOTEBOOK ONE 725,0,0,0,BATTERY
PRO91,BATTERY ACER NOTEBOOK V5-571,0,0,0,BATTERY
PRO92,BATTERY ACER NOTEBOOK ZA-3,0,0,0,BATTERY
PRO93,BATTERY ACER NOTEBOOK ZG-5,0,0,0,BATTERY
PRO94,BATTERY ACER NOTEBOOK 4736Z,0,0,0,BATTERY
PRO95,BATTERY ACER NOTEBOOK 5635Z,0,0,0,BATTERY
PRO96,BATTERY ACER NOTEBOOK 5920,0,0,0,BATTERY
PRO97,BATTERY ACER NOTEBOOK ARJ 1,0,0,0,BATTERY
PRO98,BATTERY ACER NOTEBOOK NAV-50,0,0,0,BATTERY
PRO99,BATTERY ASUS NOTEBOOK 1005,0,0,0,BATTERY
PRO100,BATTERY ASUS NOTEBOOK 1215 T,0,0,0,BATTERY
PRO101,BATTERY ASUS NOTEBOOK A - 3,0,0,0,BATTERY
PRO102,BATTERY ASUS NOTEBOOK A 8,0,0,0,BATTERY
PRO103,BATTERY ASUS NOTEBOOK a32- k55,0,0,0,BATTERY
PRO104,BATTERY ASUS NOTEBOOK F 5,0,0,0,BATTERY
PRO105,BATTERY ASUS NOTEBOOK K-52,0,0,0,BATTERY
PRO106,BATTERY ASUS NOTEBOOK K-56E,0,0,0,BATTERY
PRO107,BATTERY ASUS NOTEBOOK N 61 JV,0,0,0,BATTERY
PRO108,BATTERY ASUS NOTEBOOK SQU 528,0,0,0,BATTERY
PRO109,BATTERY ASUS NOTEBOOK UL 20,0,0,0,BATTERY
PRO110,BATTERY ASUS NOTEBOOK X 101,0,0,0,BATTERY
PRO111,BATTERY ASUS NOTEBOOK X 551 L,0,0,0,BATTERY
PRO112,BATTERY ASUS NOTEBOOK X200C,0,0,0,BATTERY
PRO113,BATTERY ASUS NOTEBOOK X550/560/450/452,0,0,0,BATTERY
PRO114,BATTERY ASUS NOTEBOOK F 3,0,0,0,BATTERY
PRO115,BATTERY ASUS NOTEBOOK F 82,0,0,0,BATTERY
PRO116,BATTERY ASUS NOTEBOOK K-53,0,0,0,BATTERY
PRO117,BATTERY ASUS NOTEBOOK UL 80,0,0,0,BATTERY
PRO118,BATTERY BENQ NOTEBOOK SQU 528,0,0,0,BATTERY
PRO119,BATTERY DELL NOTEBOOK 1310,0,0,0,BATTERY
PRO120,BATTERY DELL NOTEBOOK 14 Z,0,0,0,BATTERY
PRO121,BATTERY DELL NOTEBOOK 1400,0,0,0,BATTERY
PRO122,BATTERY DELL NOTEBOOK 1464,0,0,0,BATTERY
PRO123,BATTERY DELL NOTEBOOK 1520,0,0,0,BATTERY
PRO124,BATTERY DELL NOTEBOOK D 1530,0,0,0,BATTERY
PRO125,BATTERY DELL NOTEBOOK D 3421,0,0,0,BATTERY
PRO126,BATTERY DELL NOTEBOOK D 420,0,0,0,BATTERY
PRO127,BATTERY DELL NOTEBOOK D 630,0,0,0,BATTERY
PRO128,BATTERY DELL NOTEBOOK E 4300,0,0,0,BATTERY
PRO129,BATTERY DELL NOTEBOOK E 5400,0,0,0,BATTERY
PRO130,BATTERY DELL NOTEBOOK E 6400,0,0,0,BATTERY
PRO131,BATTERY DELL NOTEBOOK Ins. 14z-n411z,0,0,0,BATTERY
PRO132,BATTERY DELL NOTEBOOK N 4030,0,0,0,BATTERY
PRO133,BATTERY DELL NOTEBOOK N 5010/4010,0,0,0,BATTERY
PRO134,BATTERY DELL NOTEBOOK N 6000,0,0,0,BATTERY
PRO135,BATTERY DELL NOTEBOOK Studio 1435,0,0,0,BATTERY
PRO136,BATTERY DELL NOTEBOOK STUDIO 1535,0,0,0,BATTERY
PRO137,BATTERY DELL NOTEBOOK VOSTO 1220,0,0,0,BATTERY
PRO138,BATTERY DELL NOTEBOOK Vosto 3400,0,0,0,BATTERY
PRO139,BATTERY DELL NOTEBOOK XPS 15,0,0,0,BATTERY
PRO140,BATTERY DELL NOTEBOOK 1440,0,0,0,BATTERY
PRO141,BATTERY DELL NOTEBOOK 1525,0,0,0,BATTERY
PRO142,BATTERY DELL NOTEBOOK A 860,0,0,0,BATTERY
PRO143,BATTERY DELL NOTEBOOK E 5420,0,0,0,BATTERY
PRO144,BATTERY DELL NOTEBOOK E 6220,0,0,0,BATTERY
PRO145,BATTERY DELL NOTEBOOK E5440,0,0,0,BATTERY
PRO146,BATTERY DELL NOTEBOOK Ins. 1000,0,0,0,BATTERY
PRO147,BATTERY DELL NOTEBOOK N3451,0,0,0,BATTERY
PRO148,BATTERY DELL NOTEBOOK VOSTO 3300,0,0,0,BATTERY
PRO149,BATTERY DELL NOTEBOOK VOSTRO 1440,0,0,0,BATTERY
PRO150,BATTERY DELL NOTEBOOK VOSTRO-130,0,0,0,BATTERY
PRO151,BATTERY FUJITSU NOTEBOOK C3K8,0,0,0,BATTERY
PRO152,BATTERY FUJITSU NOTEBOOK FPCBP 96,0,0,0,BATTERY
PRO153,BATTERY FUJITSU NOTEBOOK L 840,0,0,0,BATTERY
PRO154,BATTERY FUJITSU NOTEBOOK LH 530,0,0,0,BATTERY
PRO155,BATTERY FUJITSU NOTEBOOK LH 531,0,0,0,BATTERY
PRO156,BATTERY FUJITSU NOTEBOOK LH 532,0,0,0,BATTERY
PRO157,BATTERY FUJITSU NOTEBOOK SQU 905,0,0,0,BATTERY
PRO158,BATTERY HP NOTEBOOK 240 g2,0,0,0,BATTERY
PRO159,BATTERY HP NOTEBOOK 240G2/HS04,0,0,0,BATTERY
PRO160,BATTERY HP NOTEBOOK 2710 P,0,0,0,BATTERY
PRO161,BATTERY HP NOTEBOOK 430 G1,0,0,0,BATTERY
PRO162,BATTERY HP NOTEBOOK 4310 s,0,0,0,BATTERY
PRO163,BATTERY HP NOTEBOOK 440 G2 / 450 G2 / V104,0,0,0,BATTERY
PRO164,BATTERY HP NOTEBOOK 4410 s,0,0,0,BATTERY
PRO165,BATTERY HP NOTEBOOK 4440s/4430s/4330s,0,0,0,BATTERY
PRO166,BATTERY HP NOTEBOOK 450 G1,0,0,0,BATTERY
PRO167,BATTERY HP NOTEBOOK 4710 s,0,0,0,BATTERY
PRO168,BATTERY HP NOTEBOOK 5000,0,0,0,BATTERY
PRO169,BATTERY HP NOTEBOOK 6460 B,0,0,0,BATTERY
PRO170,BATTERY HP NOTEBOOK 6520 s,0,0,0,BATTERY
PRO171,BATTERY HP NOTEBOOK 6520 s,0,0,0,BATTERY
PRO172,BATTERY HP NOTEBOOK 6930 p,0,0,0,BATTERY
PRO173,BATTERY HP NOTEBOOK CQ - 40/45,0,0,0,BATTERY
PRO174,BATTERY HP NOTEBOOK DV 1000,0,0,0,BATTERY
PRO175,BATTERY HP NOTEBOOK DV 3,0,0,0,BATTERY
PRO176,BATTERY HP NOTEBOOK ENVY 14 T,0,0,0,BATTERY
PRO177,BATTERY HP NOTEBOOK MINI 110-3000,0,0,0,BATTERY
PRO178,BATTERY HP NOTEBOOK MINI 110-3600,0,0,0,BATTERY
PRO179,BATTERY HP NOTEBOOK MINI 1200,0,0,0,BATTERY
PRO180,BATTERY HP NOTEBOOK NX 6320,0,0,0,BATTERY
PRO181,BATTERY HP NOTEBOOK PAVILLION 14-15,0,0,0,BATTERY
PRO182,BATTERY HP NOTEBOOK 2510 P,0,0,0,BATTERY
PRO183,BATTERY HP NOTEBOOK 4420 s,0,0,0,BATTERY
PRO184,BATTERY HP NOTEBOOK 840 g1,0,0,0,BATTERY
PRO185,BATTERY HP NOTEBOOK CQ - 40/45,0,0,0,BATTERY
PRO186,BATTERY HP NOTEBOOK DM-1,0,0,0,BATTERY
PRO187,BATTERY HP NOTEBOOK DV 2000,0,0,0,BATTERY
PRO188,BATTERY HP NOTEBOOK DV4-5000,0,0,0,BATTERY
PRO189,BATTERY HP NOTEBOOK ENVY 4,0,0,0,BATTERY
PRO190,BATTERY HP NOTEBOOK MINI 110,0,0,0,BATTERY
PRO191,BATTERY HP NOTEBOOK MINI 210-3000,0,0,0,BATTERY
PRO192,BATTERY HP NOTEBOOK NX 9010,0,0,0,BATTERY
PRO193,BATTERY LENOVO NOTEBOOK B 450,0,0,0,BATTERY
PRO194,BATTERY LENOVO NOTEBOOK E 46,0,0,0,BATTERY
PRO195,BATTERY LENOVO NOTEBOOK G 400 s,0,0,0,BATTERY
PRO196,BATTERY LENOVO NOTEBOOK G 450,0,0,0,BATTERY
PRO197,BATTERY LENOVO NOTEBOOK G 460,0,0,0,BATTERY
PRO198,BATTERY LENOVO NOTEBOOK G 480,0,0,0,BATTERY
PRO199,BATTERY LENOVO NOTEBOOK G-530-G-560,0,0,0,BATTERY
PRO200,BATTERY LENOVO NOTEBOOK N 100,0,0,0,BATTERY
PRO201,BATTERY LENOVO NOTEBOOK S 10-2,0,0,0,BATTERY
PRO202,BATTERY LENOVO NOTEBOOK T 420,0,0,0,BATTERY
PRO203,BATTERY LENOVO NOTEBOOK T-41,0,0,0,BATTERY
PRO204,BATTERY LENOVO NOTEBOOK Y 330,0,0,0,BATTERY
PRO205,BATTERY LENOVO NOTEBOOK Y 450,0,0,0,BATTERY
PRO206,BATTERY LENOVO NOTEBOOK Y 510,0,0,0,BATTERY
PRO207,BATTERY LENOVO NOTEBOOK L12L4E55,0,0,0,BATTERY
PRO208,BATTERY LENOVO NOTEBOOK SL 410,0,0,0,BATTERY
PRO209,BATTERY LENOVO NOTEBOOK T 410,0,0,0,BATTERY
PRO210,BATTERY LENOVO NOTEBOOK T 61,0,0,0,BATTERY
PRO211,BATTERY LENOVO NOTEBOOK T60,0,0,0,BATTERY
PRO212,BATTERY LENOVO NOTEBOOK X 20,0,0,0,BATTERY
PRO213,BATTERY LENOVO NOTEBOOK Y 330,0,0,0,BATTERY
PRO214,BATTERY LG NOTEBOOK LW 60/B 2000,0,0,0,BATTERY
PRO215,BATTERY LG NOTEBOOK SQU 528,0,0,0,BATTERY
PRO216,BATTERY LG NOTEBOOK SQU-901,0,0,0,BATTERY
PRO217,BATTERY MAC BOOK NOTEBOOK A 1322,0,0,0,BATTERY
PRO218,BATTERY MAC BOOK PRO A 1321,0,0,0,BATTERY
PRO219,BATTERY MAC BOOK NOTEBOOK A 1181/ 1185,0,0,0,BATTERY
PRO220,BATTERY MAC BOOK  A 1278,0,0,0,BATTERY
PRO221,BATTERY MAC BOOK NOTEBOOK A 1369,0,0,0,BATTERY
PRO222,BATTERY MAC BOOK NOTEBOOK A 1370,0,0,0,BATTERY
PRO223,BATTERY MAC BOOK NOTEBOOK CHAINES MAC,0,0,0,BATTERY
PRO224,BATTERY MAC BOOK PRO A 1331,0,0,0,BATTERY
PRO225,BATTERY MSI NOTEBOOK L 74,0,0,0,BATTERY
PRO226,BATTERY MSI NOTEBOOK S-14,0,0,0,BATTERY
PRO227,BATTERY MSI NOTEBOOK U 100,0,0,0,BATTERY
PRO228,BATTERY PROLINK NOTEBOOK SQU- 816,0,0,0,BATTERY
PRO229,BATTERY POSEBOOK NOTEBOOK S 30,0,0,0,BATTERY
PRO230,BATTERY SAMSUNG NOTEBOOK NV 370,0,0,0,BATTERY
PRO231,BATTERY SAMSUNG NOTEBOOK R 428,0,0,0,BATTERY
PRO232,BATTERY SAMSUNG NOTEBOOK N 150,0,0,0,BATTERY
PRO233,BATTERY SAMSUNG NOTEBOOK NC -10 / N120 /N110,0,0,0,BATTERY
PRO234,BATTERY SONY NOTEBOOK BPS 13,0,0,0,BATTERY
PRO235,BATTERY SONY NOTEBOOK BPS 2,0,0,0,BATTERY
PRO236,BATTERY SONY NOTEBOOK BPS 21,0,0,0,BATTERY
PRO237,BATTERY SONY NOTEBOOK BPS 22,0,0,0,BATTERY
PRO238,BATTERY SONY NOTEBOOK BPS 24,0,0,0,BATTERY
PRO239,BATTERY SONY NOTEBOOK BPS 26,0,0,0,BATTERY
PRO240,BATTERY SONY NOTEBOOK BPS 9,0,0,0,BATTERY
PRO241,BATTERY TOSHIBA NOTEBOOK 5185U,0,0,0,BATTERY
PRO242,BATTERY TOSHIBA NOTEBOOK L 30,0,0,0,BATTERY
PRO243,BATTERY TOSHIBA NOTEBOOK PA 3191 U,0,0,0,BATTERY
PRO244,BATTERY TOSHIBA NOTEBOOK PA 3465,0,0,0,BATTERY
PRO245,BATTERY TOSHIBA NOTEBOOK PA 3536,0,0,0,BATTERY
PRO246,BATTERY TOSHIBA NOTEBOOK 3399 U,0,0,0,BATTERY
PRO247,BATTERY TOSHIBA NOTEBOOK C 850,0,0,0,BATTERY
PRO248,BATTERY TOSHIBA NOTEBOOK PA 3534,0,0,0,BATTERY
PRO249,BATTERY TOSHIBA NOTEBOOK PA 3634 U,0,0,0,BATTERY
PRO250,KEYBOARD ACER NOTEBOOK 4620,0,0,0,KEYBOARD
PRO251,KEYBOARD ACER NOTEBOOK 4755,0,0,0,KEYBOARD
PRO252,KEYBOARD ACER NOTEBOOK 5050,0,0,0,KEYBOARD
PRO253,KEYBOARD ACER NOTEBOOK 5315,0,0,0,KEYBOARD
PRO254,KEYBOARD ACER NOTEBOOK 5735z,0,0,0,KEYBOARD
PRO255,KEYBOARD ACER NOTEBOOK 5738 Z,0,0,0,KEYBOARD
PRO256,KEYBOARD ACER NOTEBOOK 722,0,0,0,KEYBOARD
PRO257,KEYBOARD ACER NOTEBOOK ASPIRE ONE 725/756,0,0,0,KEYBOARD
PRO258,KEYBOARD ACER NOTEBOOK D 255,0,0,0,KEYBOARD
PRO259,KEYBOARD ACER NOTEBOOK D-260,0,0,0,KEYBOARD
PRO260,KEYBOARD ACER NOTEBOOK D-725,0,0,0,KEYBOARD
PRO261,KEYBOARD ACER NOTEBOOK V 5 - 571,0,0,0,KEYBOARD
PRO262,KEYBOARD ACER NOTEBOOK V5-471,0,0,0,KEYBOARD
PRO263,KEYBOARD ACER NOTEBOOK Z G 5,0,0,0,KEYBOARD
PRO264,KEYBOARD ACER NOTEBOOK 4736 Z,0,0,0,KEYBOARD
PRO265,KEYBOARD ACER NOTEBOOK 5755,0,0,0,KEYBOARD
PRO266,KEYBOARD ACER NOTEBOOK E 725,0,0,0,KEYBOARD
PRO267,KEYBOARD ACER NOTEBOOK E5-473,0,0,0,KEYBOARD
PRO268,KEYBOARD ACER NOTEBOOK E5-573 US,0,0,0,KEYBOARD
PRO269,KEYBOARD ASUS NOTEBOOK 1000,0,0,0,KEYBOARD
PRO270,KEYBOARD ASUS NOTEBOOK 1005,0,0,0,KEYBOARD
PRO271,KEYBOARD ASUS NOTEBOOK 101 X,0,0,0,KEYBOARD
PRO272,KEYBOARD ASUS NOTEBOOK 1101CH,0,0,0,KEYBOARD
PRO273,KEYBOARD ASUS NOTEBOOK 1215 T,0,0,0,KEYBOARD
PRO274,KEYBOARD ASUS NOTEBOOK F 5,0,0,0,KEYBOARD
PRO275,KEYBOARD ASUS NOTEBOOK F 80 Q,0,0,0,KEYBOARD
PRO276,KEYBOARD ASUS NOTEBOOK FV 6,0,0,0,KEYBOARD
PRO277,KEYBOARD ASUS NOTEBOOK K 40 iJ,0,0,0,KEYBOARD
PRO278,KEYBOARD ASUS NOTEBOOK K 42,0,0,0,KEYBOARD
PRO279,KEYBOARD ASUS NOTEBOOK K 45A,0,0,0,KEYBOARD
PRO280,KEYBOARD ASUS NOTEBOOK K 46 E,0,0,0,KEYBOARD
PRO281,KEYBOARD ASUS NOTEBOOK K 52,0,0,0,KEYBOARD
PRO282,KEYBOARD ASUS NOTEBOOK K 53,0,0,0,KEYBOARD
PRO283,KEYBOARD ASUS NOTEBOOK K 56,0,0,0,KEYBOARD
PRO284,KEYBOARD ASUS NOTEBOOK K55N,0,0,0,KEYBOARD
PRO285,KEYBOARD ASUS NOTEBOOK X 200 C,0,0,0,KEYBOARD
PRO286,KEYBOARD ASUS NOTEBOOK X 451,0,0,0,KEYBOARD
PRO287,KEYBOARD ASUS NOTEBOOK X551,0,0,0,KEYBOARD
PRO288,KEYBOARD ASUS NOTEBOOK EEE MINI-9,0,0,0,KEYBOARD
PRO289,KEYBOARD ASUS NOTEBOOK K 43 U,0,0,0,KEYBOARD
PRO290,KEYBOARD ASUS NOTEBOOK K 50,0,0,0,KEYBOARD
PRO291,KEYBOARD ASUS NOTEBOOK X453M,0,0,0,KEYBOARD
PRO292,KEYBOARD ASUS NOTEBOOK X550,0,0,0,KEYBOARD
PRO293,KEYBOARD DELL NOTEBOOK 1018,0,0,0,KEYBOARD
PRO294,KEYBOARD DELL NOTEBOOK 1090,0,0,0,KEYBOARD
PRO295,KEYBOARD DELL NOTEBOOK 1310,0,0,0,KEYBOARD
PRO296,KEYBOARD DELL NOTEBOOK 14 R,0,0,0,KEYBOARD
PRO297,KEYBOARD DELL NOTEBOOK 14 Z,0,0,0,KEYBOARD
PRO298,KEYBOARD DELL NOTEBOOK 14-3000,0,0,0,KEYBOARD
PRO299,KEYBOARD DELL NOTEBOOK 14z-5423,0,0,0,KEYBOARD
PRO300,KEYBOARD DELL NOTEBOOK 1525,0,0,0,KEYBOARD
PRO301,KEYBOARD DELL NOTEBOOK 1014,0,0,0,KEYBOARD
PRO302,KEYBOARD DELL NOTEBOOK 11 Z,0,0,0,KEYBOARD
PRO303,KEYBOARD DELL NOTEBOOK 11-3000,0,0,0,KEYBOARD
PRO304,KEYBOARD DELL NOTEBOOK 1300,0,0,0,KEYBOARD
PRO305,KEYBOARD DELL NOTEBOOK 1440,0,0,0,KEYBOARD
PRO306,KEYBOARD DELL NOTEBOOK 15-3000,0,0,0,KEYBOARD
PRO307,KEYBOARD DELL NOTEBOOK 1535,0,0,0,KEYBOARD
PRO308,KEYBOARD DELL NOTEBOOK 1564,0,0,0,KEYBOARD
PRO309,KEYBOARD DELL NOTEBOOK 15-7000,0,0,0,KEYBOARD
PRO310,KEYBOARD DELL NOTEBOOK 3421,0,0,0,KEYBOARD
PRO311,KEYBOARD DELL NOTEBOOK 3521,0,0,0,KEYBOARD
PRO312,KEYBOARD DELL NOTEBOOK 3521 SLIM,0,0,0,KEYBOARD
PRO313,KEYBOARD DELL NOTEBOOK 4110 / 4050,0,0,0,KEYBOARD
PRO314,KEYBOARD DELL NOTEBOOK 5010,0,0,0,KEYBOARD
PRO315,KEYBOARD DELL NOTEBOOK 5110,0,0,0,KEYBOARD
PRO316,KEYBOARD DELL NOTEBOOK 5460,0,0,0,KEYBOARD
PRO317,KEYBOARD DELL NOTEBOOK D 2100,0,0,0,KEYBOARD
PRO318,KEYBOARD DELL NOTEBOOK D 610,0,0,0,KEYBOARD
PRO319,KEYBOARD DELL NOTEBOOK E 4310,0,0,0,KEYBOARD
PRO320,KEYBOARD DELL NOTEBOOK E 5400,0,0,0,KEYBOARD
PRO321,KEYBOARD DELL NOTEBOOK E 5420,0,0,0,KEYBOARD
PRO322,KEYBOARD DELL NOTEBOOK E 6400,0,0,0,KEYBOARD
PRO323,KEYBOARD DELL NOTEBOOK L 51 X,0,0,0,KEYBOARD
PRO324,KEYBOARD DELL NOTEBOOK MINI 9,0,0,0,KEYBOARD
PRO325,KEYBOARD DELL NOTEBOOK V 13 Z,0,0,0,KEYBOARD
PRO326,KEYBOARD DELL NOTEBOOK VOS-1200,0,0,0,KEYBOARD
PRO327,KEYBOARD DELL NOTEBOOK 5547,0,0,0,KEYBOARD
PRO328,KEYBOARD DELL NOTEBOOK 620 / 630,0,0,0,KEYBOARD
PRO329,KEYBOARD DELL NOTEBOOK D 6400,0,0,0,KEYBOARD
PRO330,KEYBOARD DELL NOTEBOOK MINI-10,0,0,0,KEYBOARD
PRO331,KEYBOARD DELL NOTEBOOK VOS-1220,0,0,0,KEYBOARD
PRO332,KEYBOARD DOEL MINI NOTEBOOK POSS,0,0,0,KEYBOARD
PRO333,KEYBOARD DOEL MINI NOTEBOOK POSS,0,0,0,KEYBOARD
PRO334,KEYBOARD DOK NOTEBOOK 6108 C,0,0,0,KEYBOARD
PRO335,KEYBOARD FUJITSU NOTEBOOK L 1010,0,0,0,KEYBOARD
PRO336,KEYBOARD FUJITSU NOTEBOOK AH 530,0,0,0,KEYBOARD
PRO337,KEYBOARD FUJITSU NOTEBOOK LH 530,0,0,0,KEYBOARD
PRO338,KEYBOARD FUJITSU NOTEBOOK LH 531,0,0,0,KEYBOARD
PRO339,KEYBOARD FUJITSU NOTEBOOK LH 532,0,0,0,KEYBOARD
PRO340,KEYBOARD FUJITSU NOTEBOOK LH 532 UK,0,0,0,KEYBOARD
PRO341,KEYBOARD FUJITSU NOTEBOOK MH 330,0,0,0,KEYBOARD
PRO342,KEYBOARD FUJITSU NOTEBOOK V 6535,0,0,0,KEYBOARD
PRO343,KEYBOARD GATEWAY NOTEBOOK SW 8,0,0,0,KEYBOARD
PRO344,KEYBOARD GIGABYTE NOTEBOOK M 110,0,0,0,KEYBOARD
PRO345,KEYBOARD HAIER NOTEBOOK L 50,0,0,0,KEYBOARD
PRO346,KEYBOARD HP NOTEBOOK 110-3000,0,0,0,KEYBOARD
PRO347,KEYBOARD HP NOTEBOOK 14-B010,0,0,0,KEYBOARD
PRO348,KEYBOARD HP NOTEBOOK 15 N,0,0,0,KEYBOARD
PRO349,KEYBOARD HP NOTEBOOK 15-P,0,0,0,KEYBOARD
PRO350,KEYBOARD HP NOTEBOOK 242 G1,0,0,0,KEYBOARD
PRO351,KEYBOARD HP NOTEBOOK 4230,0,0,0,KEYBOARD
PRO352,KEYBOARD HP NOTEBOOK 430,0,0,0,KEYBOARD
PRO353,KEYBOARD HP NOTEBOOK 4340s,0,0,0,KEYBOARD
PRO354,KEYBOARD HP NOTEBOOK 440 G1/G0,0,0,0,KEYBOARD
PRO355,KEYBOARD HP NOTEBOOK 4420s,0,0,0,KEYBOARD
PRO356,KEYBOARD HP NOTEBOOK 4430s,0,0,0,KEYBOARD
PRO357,KEYBOARD HP NOTEBOOK 450 G1,0,0,0,KEYBOARD
PRO358,KEYBOARD HP NOTEBOOK 4530s,0,0,0,KEYBOARD
PRO359,KEYBOARD HP NOTEBOOK 4540 S,0,0,0,KEYBOARD
PRO360,KEYBOARD HP NOTEBOOK 510,0,0,0,KEYBOARD
PRO361,KEYBOARD HP NOTEBOOK 520,0,0,0,KEYBOARD
PRO362,KEYBOARD HP NOTEBOOK 530,0,0,0,KEYBOARD
PRO363,KEYBOARD HP NOTEBOOK 620,0,0,0,KEYBOARD
PRO364,KEYBOARD HP NOTEBOOK 640 G1,0,0,0,KEYBOARD
PRO365,KEYBOARD HP NOTEBOOK 6460 B,0,0,0,KEYBOARD
PRO366,KEYBOARD HP NOTEBOOK 650 G1,0,0,0,KEYBOARD
PRO367,KEYBOARD HP NOTEBOOK 6530 s,0,0,0,KEYBOARD
PRO368,KEYBOARD HP NOTEBOOK 6930 P,0,0,0,KEYBOARD
PRO369,KEYBOARD HP NOTEBOOK 840 G1,0,0,0,KEYBOARD
PRO370,KEYBOARD HP NOTEBOOK C-500,0,0,0,KEYBOARD
PRO371,KEYBOARD HP NOTEBOOK C-700,0,0,0,KEYBOARD
PRO372,KEYBOARD HP NOTEBOOK CQ 40,0,0,0,KEYBOARD
PRO373,KEYBOARD HP NOTEBOOK CQ 71,0,0,0,KEYBOARD
PRO374,KEYBOARD HP NOTEBOOK CQ-50,0,0,0,KEYBOARD
PRO375,KEYBOARD HP NOTEBOOK CQ-61,0,0,0,KEYBOARD
PRO376,KEYBOARD HP NOTEBOOK D V - 3,0,0,0,KEYBOARD
PRO377,KEYBOARD HP NOTEBOOK DM 1,0,0,0,KEYBOARD
PRO378,KEYBOARD HP NOTEBOOK DM-4,0,0,0,KEYBOARD
PRO379,KEYBOARD HP NOTEBOOK DV 2000,0,0,0,KEYBOARD
PRO380,KEYBOARD HP NOTEBOOK DV 4,0,0,0,KEYBOARD
PRO381,KEYBOARD HP NOTEBOOK DV 6000,0,0,0,KEYBOARD
PRO382,KEYBOARD HP NOTEBOOK DV-6-3000,0,0,0,KEYBOARD
PRO383,KEYBOARD HP NOTEBOOK DV6-7000,0,0,0,KEYBOARD
PRO384,KEYBOARD HP NOTEBOOK G 62,0,0,0,KEYBOARD
PRO385,KEYBOARD HP NOTEBOOK G4-2020,0,0,0,KEYBOARD
PRO386,KEYBOARD HP NOTEBOOK G6-2000,0,0,0,KEYBOARD
PRO387,KEYBOARD HP NOTEBOOK H 2170,0,0,0,KEYBOARD
PRO388,KEYBOARD HP NOTEBOOK MINI,0,0,0,KEYBOARD
PRO389,KEYBOARD HP NOTEBOOK MINI 110,0,0,0,KEYBOARD
PRO390,KEYBOARD HP NOTEBOOK MINI 210,0,0,0,KEYBOARD
PRO391,KEYBOARD HP NOTEBOOK NAVY 4,0,0,0,KEYBOARD
PRO392,KEYBOARD HP NOTEBOOK NAVY 6,0,0,0,KEYBOARD
PRO393,KEYBOARD HP NOTEBOOK PAVILION 14,0,0,0,KEYBOARD
PRO394,KEYBOARD HP NOTEBOOK SLEEKBOOK 15,0,0,0,KEYBOARD
PRO395,KEYBOARD HP NOTEBOOK 15-J000,0,0,0,KEYBOARD
PRO396,KEYBOARD HP NOTEBOOK 2510P,0,0,0,KEYBOARD
PRO397,KEYBOARD HP NOTEBOOK 420,0,0,0,KEYBOARD
PRO398,KEYBOARD HP NOTEBOOK 4410-S,0,0,0,KEYBOARD
PRO399,KEYBOARD HP NOTEBOOK 4440s,0,0,0,KEYBOARD
PRO400,KEYBOARD HP NOTEBOOK 4520s,0,0,0,KEYBOARD
PRO401,KEYBOARD HP NOTEBOOK 8440P,0,0,0,KEYBOARD
PRO402,KEYBOARD HP NOTEBOOK CQ 42,0,0,0,KEYBOARD
PRO403,KEYBOARD HP NOTEBOOK CQ 43 / G 6,0,0,0,KEYBOARD
PRO404,KEYBOARD HP NOTEBOOK DM 4-3000,0,0,0,KEYBOARD
PRO405,KEYBOARD HP NOTEBOOK DV-5,0,0,0,KEYBOARD
PRO406,KEYBOARD HP NOTEBOOK DV6-1302TU,0,0,0,KEYBOARD
PRO407,KEYBOARD HP NOTEBOOK ENVY 6-1200EG,0,0,0,KEYBOARD
PRO408,KEYBOARD HP NOTEBOOK G 60,0,0,0,KEYBOARD
PRO409,KEYBOARD HP NOTEBOOK G 72,0,0,0,KEYBOARD
PRO410,KEYBOARD HP NOTEBOOK G7-2030,0,0,0,KEYBOARD
PRO411,KEYBOARD HP NOTEBOOK MINI 210-3000,0,0,0,KEYBOARD
PRO412,KEYBOARD LENOVO NOTEBOOK B 480,0,0,0,KEYBOARD
PRO413,KEYBOARD LENOVO NOTEBOOK E 431,0,0,0,KEYBOARD
PRO414,KEYBOARD LENOVO NOTEBOOK G 400S,0,0,0,KEYBOARD
PRO415,KEYBOARD LENOVO NOTEBOOK G 410,0,0,0,KEYBOARD
PRO416,KEYBOARD LENOVO NOTEBOOK G 560,0,0,0,KEYBOARD
PRO417,KEYBOARD LENOVO NOTEBOOK G 570,0,0,0,KEYBOARD
PRO418,KEYBOARD LENOVO NOTEBOOK N 100,0,0,0,KEYBOARD
PRO419,KEYBOARD LENOVO NOTEBOOK S-10,0,0,0,KEYBOARD
PRO420,KEYBOARD LENOVO NOTEBOOK SL 410,0,0,0,KEYBOARD
PRO421,KEYBOARD LENOVO NOTEBOOK T 60,0,0,0,KEYBOARD
PRO422,KEYBOARD LENOVO NOTEBOOK U-40,0,0,0,KEYBOARD
PRO423,KEYBOARD LENOVO NOTEBOOK U-410,0,0,0,KEYBOARD
PRO424,KEYBOARD LENOVO NOTEBOOK X200S,0,0,0,KEYBOARD
PRO425,KEYBOARD LENOVO NOTEBOOK Y 450,0,0,0,KEYBOARD
PRO426,KEYBOARD LENOVO NOTEBOOK B 470,0,0,0,KEYBOARD
PRO427,KEYBOARD LENOVO NOTEBOOK E 420,0,0,0,KEYBOARD
PRO428,KEYBOARD LENOVO NOTEBOOK G 480,0,0,0,KEYBOARD
PRO429,KEYBOARD LENOVO NOTEBOOK G 50,0,0,0,KEYBOARD
PRO430,KEYBOARD LENOVO NOTEBOOK G 580,0,0,0,KEYBOARD
PRO431,KEYBOARD LENOVO NOTEBOOK G460,0,0,0,KEYBOARD
PRO432,KEYBOARD LENOVO NOTEBOOK S 10-2,0,0,0,KEYBOARD
PRO433,KEYBOARD LENOVO NOTEBOOK S100,0,0,0,KEYBOARD
PRO434,KEYBOARD LENOVO NOTEBOOK T 430,0,0,0,KEYBOARD
PRO435,KEYBOARD LENOVO NOTEBOOK T 60,0,0,0,KEYBOARD
PRO436,KEYBOARD LENOVO NOTEBOOK U-40,0,0,0,KEYBOARD
PRO437,KEYBOARD LENOVO NOTEBOOK U-410,0,0,0,KEYBOARD
PRO438,KEYBOARD LENOVO NOTEBOOK X200S,0,0,0,KEYBOARD
PRO439,KEYBOARD LENOVO NOTEBOOK X240,0,0,0,KEYBOARD
PRO440,KEYBOARD LENOVO NOTEBOOK Y 450,0,0,0,KEYBOARD
PRO441,KEYBOARD LENOVO NOTEBOOK Z 460,0,0,0,KEYBOARD
PRO442,KEYBOARD LENOVO NOTEBOOK Z 580,0,0,0,KEYBOARD
PRO443,KEYBOARD LG NOTEBOOK 510,0,0,0,KEYBOARD
PRO444,KEYBOARD LG NOTEBOOK QL3,0,0,0,KEYBOARD
PRO445,KEYBOARD MAC BOOK  A-1278 US,0,0,0,KEYBOARD
PRO446,KEYBOARD MAC BOOK  A-1286 US,0,0,0,KEYBOARD
PRO447,KEYBOARD MAC BOOK  A-1369 UK,0,0,0,KEYBOARD
PRO448,KEYBOARD MAC BOOK A 1369 US,0,0,0,KEYBOARD
PRO449,KEYBOARD MAC BOOK A-1286 UK,0,0,0,KEYBOARD
PRO450,KEYBOARD MAC BOOK NOTEBOOK 1181/1185,0,0,0,KEYBOARD
PRO451,KEYBOARD MAC BOOK PRO NOTEBOOK A 1370 UK,0,0,0,KEYBOARD
PRO452,KEYBOARD MAC BOOK WIRELESS MAGIC,0,0,0,KEYBOARD
PRO453,KEYBOARD MAC BOOK NOTEBOOK A 1502,0,0,0,KEYBOARD
PRO454,KEYBOARD MAC BOOK PRO NOTEBOOK A 1370 US,0,0,0,KEYBOARD
PRO455,KEYBOARD MSI NOTEBOOK U 100,0,0,0,KEYBOARD
PRO456,KEYBOARD MSI NOTEBOOK U 400,0,0,0,KEYBOARD
PRO457,KEYBOARD MSI NOTEBOOK CR-400,0,0,0,KEYBOARD
PRO458,KEYBOARD MSI NOTEBOOK CR-600,0,0,0,KEYBOARD
PRO459,KEYBOARD MSI NOTEBOOK H 36,0,0,0,KEYBOARD
PRO460,KEYBOARD SAMSUNG NOTEBOOK E 300,0,0,0,KEYBOARD
PRO461,KEYBOARD SAMSUNG NOTEBOOK E 300 V 5A,0,0,0,KEYBOARD
PRO462,KEYBOARD SAMSUNG NOTEBOOK NP355E4C,0,0,0,KEYBOARD
PRO463,KEYBOARD SAMSUNG NOTEBOOK R 419,0,0,0,KEYBOARD
PRO464,KEYBOARD SAMSUNG NOTEBOOK R 459,0,0,0,KEYBOARD
PRO465,KEYBOARD SAMSUNG NOTEBOOK R 522,0,0,0,KEYBOARD
PRO466,KEYBOARD SAMSUNG NOTEBOOK R 530,0,0,0,KEYBOARD
PRO467,KEYBOARD SAMSUNG NOTEBOOK RV 413/411/420,0,0,0,KEYBOARD
PRO468,KEYBOARD SAMSUNG NOTEBOOK E 355,0,0,0,KEYBOARD
PRO469,KEYBOARD SAMSUNG NOTEBOOK N 148,0,0,0,KEYBOARD
PRO470,KEYBOARD SAMSUNG NOTEBOOK N300E4E,0,0,0,KEYBOARD
PRO471,KEYBOARD SAMSUNG NOTEBOOK R 428,0,0,0,KEYBOARD
PRO472,KEYBOARD SELOVO NOTEBOOK W 84,0,0,0,KEYBOARD
PRO473,KEYBOARD SONY NOTEBOOK CA SERICE,0,0,0,KEYBOARD
PRO474,KEYBOARD SONY NOTEBOOK CR SERICE,0,0,0,KEYBOARD
PRO475,KEYBOARD SONY NOTEBOOK NW,0,0,0,KEYBOARD
PRO476,KEYBOARD SONY NOTEBOOK SVE 151,0,0,0,KEYBOARD
PRO477,KEYBOARD SONY NOTEBOOK YB,0,0,0,KEYBOARD
PRO478,KEYBOARD SONY NOTEBOOK EB SERICE,0,0,0,KEYBOARD
PRO479,KEYBOARD SONY NOTEBOOK EL,0,0,0,KEYBOARD
PRO480,KEYBOARD SONY NOTEBOOK FZ,0,0,0,KEYBOARD
PRO481,KEYBOARD SONY NOTEBOOK NR SERICE,0,0,0,KEYBOARD
PRO482,KEYBOARD SONY NOTEBOOK SVE 111,0,0,0,KEYBOARD
PRO483,KEYBOARD SONY NOTEBOOK SVE 15,0,0,0,KEYBOARD
PRO484,KEYBOARD TOSHIBA NOTEBOOK A 665,0,0,0,KEYBOARD
PRO485,KEYBOARD TOSHIBA NOTEBOOK C 40,0,0,0,KEYBOARD
PRO486,KEYBOARD TOSHIBA NOTEBOOK c 800,0,0,0,KEYBOARD
PRO487,KEYBOARD TOSHIBA NOTEBOOK C-50,0,0,0,KEYBOARD
PRO488,KEYBOARD TOSHIBA NOTEBOOK C-600,0,0,0,KEYBOARD
PRO489,KEYBOARD TOSHIBA NOTEBOOK C-660,0,0,0,KEYBOARD
PRO490,KEYBOARD TOSHIBA NOTEBOOK C-850,0,0,0,KEYBOARD
PRO491,KEYBOARD TOSHIBA NOTEBOOK L- 300,0,0,0,KEYBOARD
PRO492,KEYBOARD TOSHIBA NOTEBOOK L 500,0,0,0,KEYBOARD
PRO493,KEYBOARD TOSHIBA NOTEBOOK MINI A 200,0,0,0,KEYBOARD
PRO494,KEYBOARD TOSHIBA NOTEBOOK MINI NB 100,0,0,0,KEYBOARD
PRO495,KEYBOARD TOSHIBA NOTEBOOK NV-200,0,0,0,KEYBOARD
PRO496,KEYBOARD TOSHIBA NOTEBOOK R-845,0,0,0,KEYBOARD
PRO497,KEYBOARD TOSHIBA NOTEBOOK U 400,0,0,0,KEYBOARD
PRO498,KEYBOARD TOSHIBA NOTEBOOK U 945,0,0,0,KEYBOARD
PRO499,LCD MAC BOOK NOTEBOOK A 13.3 ANALOCKPORT 1181,0,0,0,LCD
PRO500,LCD SAMSUNG NOTEBOOK 10.6 INCH,0,0,0,LCD
PRO501,LCD SAMSUNG NOTEBOOK 12.1 INCH,0,0,0,LCD
PRO502,LCD SAMSUNG NOTEBOOK 13.3 INCH,0,0,0,LCD
PRO503,LCD SAMSUNG NOTEBOOK 15.4 INCH,0,0,0,LCD
PRO504,LCD SAMSUNG NOTEBOOK 15.6 INCH,0,0,0,LCD
PRO505,LCD SAMSUNG NOTEBOOK 17.1 INCH,0,0,0,LCD
PRO506,LED ACER ULTRA 13.3 INCH,0,0,0,LED
PRO507,LED LENOVO NOTEBOOK 14.0 INCH WITH CASE,0,0,0,LED
PRO508,MAC BOOK FRONTGLASS 13.3 INCH,0,0,0,LED
PRO509,MAC BOOK FRONTGLASS 15.4 INCH,0,0,0,LED
PRO510,LED MAC BOOK ULTRA 13.3 INCH,0,0,0,LED
PRO511,LED MAC BOOK ULTRA 13.3 INCH RETINA 2012,0,0,0,LED
PRO512,LED MAC BOOK ULTRA 13.3 RETINA 2013 2014,0,0,0,LED
PRO513,LED MACBOOK AIR LED 11.6 inch 10-12,0,0,0,LED
PRO514,LED   11.6  INCH MACBOOK-2012,0,0,0,LED
PRO515,LED SAMSUNG NOTEBOOK 10.1 INCH NORMAL,0,0,0,LED
PRO516,LED SAMSUNG NOTEBOOK 10.1 INCH SLIM,0,0,0,LED
PRO517,LED SAMSUNG NOTEBOOK 11.6 INCH NORMAL,0,0,0,LED
PRO518,LED SAMSUNG NOTEBOOK 11.6 INCH SLIM,0,0,0,LED
PRO519,LED SAMSUNG NOTEBOOK 12.5 LED,0,0,0,LED
PRO520,LED SAMSUNG NOTEBOOK 13.3 INCH MACBOOK,0,0,0,LED
PRO521,LED SAMSUNG NOTEBOOK 13.3 INCH NORMAL,0,0,0,LED
PRO522,LED SAMSUNG NOTEBOOK 13.3 INCH SLIM,0,0,0,LED
PRO523,LED SAMSUNG NOTEBOOK 14.0 INCH NORMAL,0,0,0,LED
PRO524,LED SAMSUNG NOTEBOOK 14.O INCH SLIM,0,0,0,LED
PRO525,LED SAMSUNG NOTEBOOK 15.6 INCH NORMAL,0,0,0,LED
PRO526,LED SAMSUNG NOTEBOOK 15.6 INCH SLIM,0,0,0,LED
PRO527,LED SAMSUNG NOTEBOOK 14.0 INCH SLIM SMALLPORT,0,0,0,LED
PRO528,LED SAMSUNG NOTEBOOK 15.6 INCH SLIM SMALLPORT,0,0,0,LED
PRO529,LED SAMSUNG NOTEBOOK 15.6 INCH SMALLPORT,0,0,0,LED
PRO530,LED MONITER SAMSUNG 18.5 INCH 350HNW,0,0,0,LED
PRO531,LED RIBBON SAMSUNG NONBRAND LEFT TO RIGHT,0,0,0,LED
PRO532,DVD PLAYER SAMSUNG 3D BD-F5500,0,0,0,DVDPLAYER
PRO533,DVD RW CAR SLOTE SONY IDE,0,0,0,DVDRW
PRO534,DVD RW CAR SLOTE SONY IDE SLIM,0,0,0,DVDRW
PRO535,DVD RW EXTERNAL NOTEBOOK USB 3.0,0,0,0,DVDRW
PRO536,DVD RW INCLUZER  SATA,0,0,0,DVDRW
PRO537,DVD RW MAC BOOK NOTEBOOK IDE,0,0,0,DVDRW
PRO538,DVD RW MAC BOOK NOTEBOOK SATA SLIM,0,0,0,DVDRW
PRO539,DVD RW SLIM SONY IDE,0,0,0,DVDRW
PRO540,DVD RW SONY BULURAY IDE,0,0,0,DVDRW
PRO541,DVD RW SONY BULURAY SATA,0,0,0,DVDRW
PRO542,DVD RW SONY NOTEBOOK IDE,0,0,0,DVDRW
PRO543,DVD RW SONY NOTEBOOK SATA,0,0,0,DVDRW
PRO544,DVD RW LENOVO NOTEBOOK IDE- SLIM,0,0,0,DVDRW
PRO545,POWER STRIPS GAVIK USB A 401,0,0,0,POWERSTRIPS
PRO546,POWER STRIPS GAVIK USB A 405,0,0,0,POWERSTRIPS
PRO547,POWER STRIPS GAVIK USB A 802,0,0,0,POWERSTRIPS
PRO548,BINOCULAR BUSHNELL  POWERVIEW,0,0,0,BINOCULAR
PRO549,BNC CC CAMERA INTERNAL MAX,0,0,0,BNCCCCAMERA
PRO550,APPLE USB iPAD/iPHN4/4s DATA CABLE,0,0,0,USBCABLE
PRO551,APPLE USB iPHN 5/5s USB DATA CABLE,0,0,0,USBCABLE
PRO552,CABLES ADAPTER  2 PIN,0,0,0,CABLE
PRO553,CABLES ADAPTER  3 PIN,0,0,0,CABLE
PRO554,CABLES CC CAMERA CHINA FULL COPPER,0,0,0,CABLE
PRO555,CABLES COXIAL 100M. COIL,0,0,0,CABLE
PRO556,CABLES D-LINK CAT 5,0,0,0,CABLE
PRO557,CABLES DEX-TOP  3 PIN,0,0,0,CABLE
PRO558,CABLES EXT  1.5 M. WITH CAP,0,0,0,CABLE
PRO559,CABLES HDMI USB 1.5M,0,0,0,CABLE
PRO560,CABLES HDMI USB 10M.,0,0,0,CABLE
PRO561,CABLES HDMI USB 2M,0,0,0,CABLE
PRO562,CABLES HDMI USB 3 M.,0,0,0,CABLE
PRO563,CABLES HDMI USB 5 M.,0,0,0,CABLE
PRO564,CABLES HDMI USB optical 1.5m,0,0,0,CABLE
PRO565,CABLES HDMI USB optical 3m,0,0,0,CABLE
PRO566,CABLES HDMI USB optical n3 m,0,0,0,CABLE
PRO567,CABLES HDMI VGA,0,0,0,CABLE
PRO568,CABLES PT-LINK CAT 5,0,0,0,CABLE
PRO569,CABLES SAMSUNG USB MICRO HDMI DATA CABLE,0,0,0,CABLE
PRO570,CABLES SONY USB HDMI T0 HDMI,0,0,0,CABLE
PRO571,CABLES TEBLET PC  OTG,0,0,0,CABLE
PRO572,CABLES XINYEYOAN USB 3 M,0,0,0,CABLE
PRO573,CABLES i PHONE USB,0,0,0,CABLE
PRO574,CABLES i PHONE USB CONNECTION KIT,0,0,0,CABLE
PRO575,CABLES i PHONE USB DOCK CONNECTOR,0,0,0,CABLE
PRO576,CABLES i PHONE USB I PHN 4s DATA CABLES,0,0,0,CABLE
PRO577,CABLES i PHONE USB I PHN 5 OTG,0,0,0,CABLE
PRO578,CABLES iPAD DOCK CONNECTOR TO  VGA,0,0,0,CABLE
PRO579,CAMERA BAG,0,0,0,BAG
PRO580,CASE APPLE MACBOOK AIR 13.3 INCH,0,0,0,CASE
PRO581,CASING MAC EXTERNAL AIR,0,0,0,CASE
PRO582,CASING MAC EXTERNAL MACBOOK PRO,0,0,0,CASE
PRO583,CASING OVO ATX THARMAL,0,0,0,CASE
PRO584,CC CAMERA DIGITAL CAMERA 360 M-8610,0,0,0,CCCAMERA
PRO585,CC CAMERA DIGITAL CAMERA AV TECH 3.0M,0,0,0,CCCAMERA
PRO586,CC CAMERA DIGITAL CAMERA C782 IP,0,0,0,CCCAMERA
PRO587,CC CAMERA DIGITAL CAMERA HIK VISION,0,0,0,CCCAMERA
PRO588,CC CAMERA DIGITAL CAMERA MINI C C CAMERA,0,0,0,CCCAMERA
PRO589,CC CAMERA DIGITAL CAMERA STAND,0,0,0,CCCAMERA
PRO590,CC CAMERA HIK VISION BIG DS-2CE16ACP1T3,0,0,0,CCCAMERA
PRO591,CC CAMERA JOVISION BULET AHD 2.0MP D004A,0,0,0,CCCAMERA
PRO592,CC CAMERA JOVISION CAMERA IP JVS-N61,0,0,0,CCCAMERA
PRO593,CC CAMERA JOVISION DOME AHD 2MP 3.6MM M: 359,0,0,0,CCCAMERA
PRO594,CC CAMERA JOVISION USB DOME,0,0,0,CCCAMERA
PRO595,CC CAMERA JOVISION USB DS-2CE15A2P,0,0,0,CCCAMERA
PRO596,CC CAMERA SPY CAMERA CHAIN,0,0,0,CCCAMERA
PRO597,CC CAMERA SPY CAMERA GLASS,0,0,0,CCCAMERA
PRO598,CC CAMERA SPY CAMERA WATCH,0,0,0,CCCAMERA
PRO599,CONECTER CCTV NONBRAND GOOD,0,0,0,CONECTER
PRO600,"CONECTER MAC BOOK A1181 , A1278 ETC",0,0,0,CONECTER
PRO601,CONECTER NONE USB CCTV VNC,0,0,0,CONECTER
PRO602,CONECTER NONE USB RJ 45,0,0,0,CONECTER
PRO603,CONVERTER NONE LED TO LED NONE,0,0,0,CONVERTER
PRO604,COPPER PIPE NONE BRACKET,0,0,0,COPPERPIPE
PRO605,COVER APPLE  Ipad Air  Backcover,0,0,0,COVER
PRO606,COVER APPLE TAB Ipad 2/3/4,0,0,0,COVER
PRO607,COVER APPLE TAB Ipad 2/3/4 Backcover,0,0,0,COVER
PRO608,COVER APPLE TAB Ipad Air,0,0,0,COVER
PRO609,COVER APPLE TAB Ipad Air 2,0,0,0,COVER
PRO610,COVER APPLE TAB Ipad Air 2 Backcover,0,0,0,COVER
PRO611,COVER APPLE TAB Ipad Mini 2,0,0,0,COVER
PRO612,COVER APPLE TAB Ipad Mini Backcover,0,0,0,COVER
PRO613,COVER iPAD  MINI,0,0,0,COVER
PRO614,COVER iPAD ANDROID AIIR,0,0,0,COVER
PRO615,COVER iPAD ANDROID ELEGANCE,0,0,0,COVER
PRO616,COVER LEATHER  ALL COLOR,0,0,0,COVER
PRO617,COVER LEATHER MACBOOK 11 INCH,0,0,0,COVER
PRO618,COVER LEATHER MACBOOK 13 INCH,0,0,0,COVER
PRO619,COVER LEATHER MACBOOK 15 INCH,0,0,0,COVER
PRO620,COVER LEATHER MACBOOK 11 INCH,0,0,0,COVER
PRO621,COVER LEATHER MACBOOK 13 INCH,0,0,0,COVER
PRO622,COVER LEATHER MACBOOK 15 INCH,0,0,0,COVER
PRO623,COVER POUCH NONBRAND 10. INCH,0,0,0,COVER
PRO624,COVER POUCH NONBRAND 11.4 INCH,0,0,0,COVER
PRO625,DIGITAL CAMERA NIKON CAMERA D 5200,0,0,0,DSLRCAMERA
PRO626,DIGITAL CAMERA SONY CAMERA CX 440,0,0,0,DIGITALCAMERA
PRO627,DIGITAL CAMERA SONY TV CMU-BR200,0,0,0,DIGITALCAMERA
PRO628,DIGITAL MICROSCOPE NONE USB BLACK U 500 X,0,0,0,DIGITALMICROSCOPE
PRO629,DOK iPAD4 /iPAD MINI,0,0,0,DOK
PRO630,DOK iPhone  4,0,0,0,DOK
PRO631,DOK iPhone 5,0,0,0,DOK
PRO632,DOK SAMSUNG DOCK CONNECTOR GALAXY S 2,0,0,0,DOK
PRO633,DVR JOVISION 8 CH S - 1,0,0,0,DVR
PRO634,EXTERNAL POWER PACK i PHONE  5G,0,0,0,EXTERNALPOWERPACK
PRO635,EXTERNAL POWER PACK i PHONE USB 4/4s,0,0,0,EXTERNALPOWERPACK
PRO636,EXTERNAL POWER PACK i PHONE USB 5/5S,0,0,0,EXTERNALPOWERPACK
PRO637,EXTERNAL POWER PACK SAMSUNG  GALAXY S4,0,0,0,EXTERNALPOWERPACK
PRO638,FAN NONE USB CHINES,0,0,0,FAN
PRO639,GLASSES 3D ACTIVE SHUTTER - 1411,0,0,0,GLASSESS
PRO640,GLASSES SAMSUNG 3D SSG-41002,0,0,0,GLASSESS
PRO641,GLASSES SONY 3D BATTERY CR-2025,0,0,0,GLASSESS
PRO642,GLASSES SONY 3D TDG-BT500A,0,0,0,GLASSESS
PRO643,HADE PHONE BEATS BLUETOOTH STERE0/MP3,0,0,0,HARDDISK
PRO644,HARD DISK HITACHI NOTEBOOK 500 GB,0,0,0,HARDDISK
PRO645,HARD DISK SEAGATE 500GB 2.5 HDD,0,0,0,HARDDISK
PRO646,HARD DISK TOSHIBA DESKTOP 1 TB,0,0,0,HARDDISK
PRO647,HARD DISK W D DESKTOP 250 GB,0,0,0,HARDDISK
PRO648,HARD DISK CASE SAMSUNG USB 2 F2 PROTABLE,0,0,0,HARDDISK
PRO649,HARD DISK CASE W D USB PROTABLE,0,0,0,HARDDISK
PRO650,HOME THEATER JBL BLUETOOTH SB - 350,0,0,0,HOMETHEATER
PRO651,HOME THEATER SONY BLUETOOTH E 4100,0,0,0,HOMETHEATER
PRO652,HOME THEATER SONY USB EZ140,0,0,0,HOMETHEATER
PRO653,IC ,0,0,0,IC
PRO654,LAPTOP DELL NOTEBOOK E6400 Core 2 Duo 2GB 250 GB,0,0,0,LAPTOP
PRO655,LAPTOP HP Core 2 Duo 6765B,0,0,0,LAPTOP
PRO656,LAPTOP HP Core 2 Duo 6910b,0,0,0,LAPTOP
PRO657,LAPTOP HP Core 2 Duo NC6320,0,0,0,LAPTOP
PRO658,LAPTOP HP Core i3 14-R232TU 5010U-4GB-500GB,0,0,0,LAPTOP
PRO659,LAPTOP LENOVO INTEL i3 CARE 2 duo 160,0,0,0,LAPTOP
PRO660,LAPTOP MAC BOOK Core i5 2.4GHz/500GB/4GB,0,0,0,LAPTOP
PRO661,LAPTOP LOCK KENSINGTON PROTABLE A1433A,0,0,0,LAPTOPLOCK
PRO662,LASER POINTER TARGUS WIRELESS AMP16AP,0,0,0,LASERPOINTER
PRO663,MEMORY CARD MICRO SD  16 GB,0,0,0,MEMORYCARD
PRO664,MEMORY CARD MICRO SD  32 GB,0,0,0,MEMORYCARD
PRO665,MEMORY CARD MICRO SD  8 GB,0,0,0,MEMORYCARD
PRO666,MEMORY CARD SD TRANSCEND 16 GB (CLASS 4),0,0,0,MEMORYCARD
PRO667,MEMORY CARD SD TRANSCEND 32 GB (CLASS 10),0,0,0,MEMORYCARD
PRO668,MEMORY CARD SD TRANSCEND 32 GB (CLASS 4),0,0,0,MEMORYCARD
PRO669,METAL DETECTOR NONE HAND MD-3003B1,0,0,0,METALDETECTOR
PRO670,MINI PC  ANDROID MK-809,0,0,0,MINIPC
PRO671,MINI PC  ANDROID TV BOX,0,0,0,MINIPC
PRO672,MINI PC NONE ANDROID M 8 s,0,0,0,MINIPC
PRO673,MINI PC NONE ANDROID QUAD CORE,0,0,0,MINIPC
PRO674,MINI PC NONE ANDROID QUAD CORE 2,0,0,0,MINIPC
PRO675,MOBILE ASUS 16GB ZE500KL,0,0,0,MOBILE
PRO676,MOBILE M I 16GB 4X,0,0,0,MOBILE
PRO677,MOBILE WATCH ANDROID U 8,0,0,0,MOBILEWATCH
PRO678,PASTE AMTECH NC-559,0,0,0,PASTE
PRO679,PENDRIVE TRANSCEND USB 16 GB JF 350,0,0,0,PENDRIVE
PRO680,PENDRIVE TRANSCEND USB 8 GB JF 370,0,0,0,PENDRIVE
PRO681,PENDRIVE TRANSCEND USB 8 GB JF 790,0,0,0,PENDRIVE
PRO682,PENDRIVE TWINMOS USB 2 16GB X2,0,0,0,PENDRIVE
PRO683,PENDRIVE TWINMOS USB 2 32GB,0,0,0,PENDRIVE
PRO684,PENDRIVE TWINMOS USB 2 8 GB,0,0,0,PENDRIVE
PRO685,PORTABLE AC GREE STAND GP - 12 LF,0,0,0,PORTABLEAC
PRO686,POWER BANK GUCCI USB 8800mAh,0,0,0,POWERBANK
PRO687,POWER BANK M I USB 10400 maH,0,0,0,POWERBANK
PRO688,POWER STRIPS BELKIN NORMAL GOLDEN SERIES,0,0,0,POWERSTRIPS
PRO689,POWER SUPPLY CLASSIC TV AC STOPPER,0,0,0,POWERSUPPLY
PRO690,POWER SUPPLY G4 POWER 1500 VA OUTPUT 220+,0,0,0,POWERSUPPLY
PRO691,POWER SUPPLY OVO INTERNET 450WT,0,0,0,POWERSUPPLY
PRO692,POWER SUPPLY SAMSUNG 1000 VA,0,0,0,POWERSUPPLY
PRO693,PRINTER CANON IP 2772,0,0,0,PRINTER
PRO694,PRINTER HP USB p 1102,0,0,0,PRINTER
PRO695,PROCESSOR INTEL CORE i5 3.2GHZ4570 4GEN,0,0,0,PROCESSOR
PRO696,PROCESSOR INTEL CORE i5 3.2GHZ4570 4TH,0,0,0,PROCESSOR
PRO697,PROCESSOR INTEL CORE i7 3.4GHZ 4770 4TH GEN,0,0,0,PROCESSOR
PRO698,RAM ELPIDA DDR3 4GB,0,0,0,RAM
PRO699,RAM KINGSTON DESKTOP 4GB DDR3,0,0,0,RAM
PRO700,RAM MTECK NOTEBOOK DDR 3 4GB,0,0,0,RAM
PRO701,RAM PNY 4GB DDR3 1600,0,0,0,RAM
PRO702,RAM SAMSUNG DDR2 1 GB,0,0,0,RAM
PRO703,RAM SAMSUNG DDR2 512 MB,0,0,0,RAM
PRO704,RAM SAMSUNG DDR3 4GB,0,0,0,RAM
PRO705,RAM DDR3 8 GB,0,0,0,RAM
PRO706,RAM TWINMOS DDR3 1 GB,0,0,0,RAM
PRO707,RAM TWINMOS DDR3 2 GB,0,0,0,RAM
PRO708,RAM TWINMOS DDR3 4 GB,0,0,0,RAM
PRO709,SCANER CANON INTERNAL LIDE-120,0,0,0,SCANER
PRO710,SCREEN CLEANING KIT NONE NORMAL 200 ML,0,0,0,SCREENCLEANING
PRO711,SCREEN GUARD iPAD ANDROID NONE,0,0,0,SCREENGUARD
PRO712,SELFIE STICK MONOPOD STAND,0,0,0,SELFIESTICK
PRO713,SERVICE CHARGE  OTHERS,0,0,0,SERVICECHARGE
PRO714,SERVICE CHARGE FOR LAPTOP,0,0,0,SERVICECHARGE
PRO715,SERVICE CHARGE FOR AC,0,0,0,SERVICECHARGE
PRO716,SERVICE CHARGE FOR TV,0,0,0,SERVICECHARGE
PRO717,SOFI PROGRAMMER SOFI MULTI-FUNCTION RT 809,0,0,0,SOFIPROGRAMMER
PRO718,SOFI PROGRAMMER SOFI VIOS SP8 - A,0,0,0,SOFIPROGRAMMER
PRO719,SOFI PROGRAMMER SOFI VIOS SP8- B,0,0,0,SOFIPROGRAMMER
PRO720,SPEAKER ALL BRAND NOTEBOOK INTERNAL,0,0,0,SPEAKER
PRO721,SPEAKER BLUETOOTH INTERNAL AK 109,0,0,0,SPEAKER
PRO722,SPEAKER CREATIVE BLUETOOTH T 3150 2:1,0,0,0,SPEAKER
PRO723,SPEAKER FOXTROT EASY S3,0,0,0,SPEAKER
PRO724,SPEAKER HYUNDAI BLUETOOTH 2600,0,0,0,SPEAKER
PRO725,SPEAKER MAC BOOK INTERNAL A1286 ETC,0,0,0,SPEAKER
PRO726,SPEAKER MINI BLUETOOTH 53 U,0,0,0,SPEAKER
PRO727,SWITCH TP LINK TL-SF1008D,0,0,0,SWITCH
PRO728,TONER CHALLENGER INTEL ATOM 05A,0,0,0,TONER
PRO729,TONER DANIEL INTERNAL 05A,0,0,0,TONER
PRO730,TONER DANIEL INTERNAL 35A,0,0,0,TONER
PRO731,TONER DANIEL INTERNAL 49A,0,0,0,TONER
PRO732,TONER DANIEL INTERNAL 85A/325,0,0,0,TONER
PRO733,TONER HP INTERNAL 312,0,0,0,TONER
PRO734,TONER HP INTERNAL 325,0,0,0,TONER
PRO735,TONER HP INTERNAL P 1005,0,0,0,TONER
PRO736,TONER HP INTERNAL P2035,0,0,0,TONER
PRO737,TONER JET PRINT INTERNAL CE 285 A,0,0,0,TONER
PRO738,TONER JET PRINT INTERNAL HP 1020,0,0,0,TONER
PRO739,TRANSPORTATION :-,0,0,0,TRANSPORTATION
PRO740,TV REMORT  PHILIPS,0,0,0,TVREMORT
PRO741,TV REMORT REMOTE GENERAL AC,0,0,0,TVREMORT
PRO742,TV REMORT SAMSUNG,0,0,0,TVREMORT
PRO743,TV REMORT LG,0,0,0,TVREMORT
PRO744,TV REMORT SONY,0,0,0,TVREMORT
PRO745,TV REMORT SO GOOD,0,0,0,TVREMORT
PRO746,TV CHINA LED 17 INCH,0,0,0,TV
PRO747,TV HIFI MEDIA,0,0,0,TV
PRO748,TV LG LED 32 INCH LH500 D,0,0,0,TV
PRO749,TV LG LED 43 INCH LH548V,0,0,0,TV
PRO750,TV LG LED 49 INCH LF510T,0,0,0,TV
PRO751,TV PANASONIC LED 32 INCH C 400 S,0,0,0,TV
PRO752,TV PANASONIC LED 32 INCH CS 510 S,0,0,0,TV
PRO753,TV PANASONIC LED 40 INCH C 400 S,0,0,0,TV
PRO754,TV SAMSUNG LED 32 INCH J 4003,0,0,0,TV
PRO755,TV SAMSUNG LED 32 INCH J4303,0,0,0,TV
PRO756,TV SAMSUNG LED 40 INCH J 5000,0,0,0,TV
PRO757,TV SAMSUNG LED 40 INCH J 5200,0,0,0,TV
PRO758,TV SAMSUNG LED 43 INCH K5500,0,0,0,TV
PRO759,TV SAMSUNG LED 48 INCH J 5200,0,0,0,TV
PRO760,TV SAMSUNG LED 55 INCH JU 6400,0,0,0,TV
PRO761,TV SOGOOD NONBRAND 32 INCH,0,0,0,TV
PRO762,TV SOGOOD NONBRAND 32 INCH CURVED,0,0,0,TV
PRO763,TV SOGOOD NONBRAND 43 INCH,0,0,0,TV
PRO764,TV SOGOOD NONBRAND 50 INCH SMART CURVED,0,0,0,TV
PRO765,TV SOGOOD NONBRAND 55 INCH SMART CURVED,0,0,0,TV
PRO766,TV SONY LED 32 INCH R302 D,0,0,0,TV
PRO767,TV SONY LED 32 INCH R502C,0,0,0,TV
PRO768,TV SONY LED 32 INCH W602 D,0,0,0,TV
PRO769,TV SONY LED 40 INCH R 352,0,0,0,TV
PRO770,TV SONY LED 40 INCH R352 D,0,0,0,TV
PRO771,TV SONY LED 40 INCH W 652 D,0,0,0,TV
PRO772,TV SONY LED 43 INCH W800C ANDR.,0,0,0,TV
PRO773,TV SONY LED 48 INCH R550C,0,0,0,TV
PRO774,TV SONY LED 49 inch W 750 D,0,0,0,TV
PRO775,TV SONY LED 49 INCH X8000C 4K,0,0,0,TV
PRO776,TV SONY LED 55 INCH W800C,0,0,0,TV
PRO777,TV SONY LED 55 INCH X8500D,0,0,0,TV
PRO778,TV BOX/CARD GADMEI ANDROID NONE,0,0,0,TVBOXCARD
PRO779,TV BOX/CARD GADMEI USB UTV382E,0,0,0,TVBOXCARD
PRO780,TV BOX/CARD NEX BOX NEXBOX A96X,0,0,0,TVBOXCARD
PRO781,TV BOX/CARD NEX SMART NEX SMART D32,0,0,0,TVBOXCARD
PRO782,TV WALL MOUNT WALL MOUNT 14INCH-42 INCH,0,0,0,WALLMOUNT
PRO783,TV WALL MOUNT WALL MOUNT 22INCH-42INCH,0,0,0,WALLMOUNT
PRO784,TV WALL MOUNT WALL MOUNT 32INCH-80INCH,0,0,0,WALLMOUNT
PRO785,TV WALL MOUNT WALL MOUNT AC ASTOPAR,0,0,0,WALLMOUNT
PRO786,VEDIO CAMERA SONY USB CX-405,0,0,0,VEDIOCAMERA
PRO787,VR PARK VR 3,0,0,0,VRPARK
PRO788,VR PARK WIRELESS REMORT,0,0,0,VRPARK
PRO789,WIFI ROUTER TP LINK WIRELESS 150 Mbps,0,0,0,ROUTER
PRO790,WIFI ROUTER TENDA WIRELESS F3,0,0,0,ROUTER
